,title,view_num,url
74,The Top 5 Moves For White Belts,280000.0,https://www.youtube.com/watch?v=SpWfuVhqQsk
242,The Awesome D'arce Choke - One Of My Favourites!,270000.0,https://www.youtube.com/watch?v=v_WjtZVGzvE
46,The Kesa Gatame Kill System,160000.0,https://www.youtube.com/watch?v=G0Xf_CJzE6M
189,Closed Guard - A Simple But Awesome Move!,140000.0,https://www.youtube.com/watch?v=C52IGiZNBg8
188,An Awesome Submission Series - From Mount,140000.0,https://www.youtube.com/watch?v=fyK6TvKVy8c
300,5 Beginner Mistakes You Are Probably Making - And It's Hurting Your Jiu Jitsu,130000.0,https://www.youtube.com/watch?v=AReJUFsuczg
543,3 AWESOME Hacks to Pass ANY Guard!,110000.0,https://www.youtube.com/watch?v=3dRbzta6Elc
311,Half Guard 101 - What To Do When You Have Someone In Your Half Guard,110000.0,https://www.youtube.com/watch?v=9zKr-xYlPcg
57,"The Amazing Darce - Version 2, NEW",96000.0,https://www.youtube.com/watch?v=iC1Tl7cP_KM
415,How To Get The Omoplata From Closed Guard - EVERYTIME!,94000.0,https://www.youtube.com/watch?v=yOGbaXm3Htw
542,An AWESOME little Trick to Escape Side Control - Every time!,90000.0,https://www.youtube.com/watch?v=up7SgqQyW3M
309,3 Stupid Things (Some) Beginner Students Do That I Hate!,88000.0,https://www.youtube.com/watch?v=FMCUTSTZvAA
41,The Nastiest Choke From Guard,82000.0,https://www.youtube.com/watch?v=GsVSXGrVK4w
396,Two BJJ Lies - I Wish I Knew 10 Years Ago!,81000.0,https://www.youtube.com/watch?v=D4ibUsfDYG8
202,Darce Choke Set ups!,79000.0,https://www.youtube.com/watch?v=-xWYkAdlnss
541,How to use this trick to ESCAPE the rear naked choke - every time!,76000.0,https://www.youtube.com/watch?v=x5o36dSAqqM
491,How to USE A GRAPPLING DUMMY plus a REVIEW!,70000.0,https://www.youtube.com/watch?v=MGiuryZfAmo
527,An AWESOME Mount ESCAPE - And you end up ON TOP!,68000.0,https://www.youtube.com/watch?v=N0lo6IVvsss
55,White Belt Tips For Mount Escapes,66000.0,https://www.youtube.com/watch?v=dYIWSoTw9a0
354,Gogoplata And Locoplata - From Closed Guard!,65000.0,https://www.youtube.com/watch?v=wzOrAzClA8k
222,Mounted Triangle - The Easy Way!,63000.0,https://www.youtube.com/watch?v=JNNuVJfWdkY
540,A cheeky little choke when caught in closed guard!,61000.0,https://www.youtube.com/watch?v=B3QjZqLk2i8
205,How To Lock A Triangle - Everytime!,59000.0,https://www.youtube.com/watch?v=DSuh4MRwqHg
531,An AWESOME MOVE - The Rolling Side Control Escape,59000.0,https://www.youtube.com/watch?v=gFu27SZJTsA
106,The Baseball Bat Choke,59000.0,https://www.youtube.com/watch?v=mBcQiWrIdhs
231,Tricks From Closed Guard!,57000.0,https://www.youtube.com/watch?v=rseARbWd988
549,4 Awesome hacks to finish a triangle - Every time!,56000.0,https://www.youtube.com/watch?v=r-QDTYnGyCw
196,The Von Flue Choke   The Guillotine Antidote,54000.0,https://www.youtube.com/watch?v=aKbF3RXfUZE
363,Buying A Gi - What You Need To Know!,54000.0,https://www.youtube.com/watch?v=vt6haHU6Wx8
421,4 LEG LASSO Techniques - REAL FAST!,52000.0,https://www.youtube.com/watch?v=8u1c8ZEy0IU
388,The Helio Grip - Get That Cross Choke - Everytime!,52000.0,https://www.youtube.com/watch?v=gsqpOPdpJ3Q
378,The Awesome Ezekiel Choke!,50000.0,https://www.youtube.com/watch?v=ItXDuC3EA-4
126,A Realistic But Effective Closed Guard Break,48000.0,https://www.youtube.com/watch?v=--fv1lLaKmw
357,How To Tie Your Belt - The Right Way!,47000.0,https://www.youtube.com/watch?v=G4fhYTzTSN4
127,How To Roll With Bigger Guys,46000.0,https://www.youtube.com/watch?v=Vc2nwfRPnMU
423,Two Breathing Secrets That Will Change Your CARDIO FOREVER!,45000.0,https://www.youtube.com/watch?v=25QxKitS6og
285,How Jiu-Jitsu Will Change Your Life,45000.0,https://www.youtube.com/watch?v=4s1XNCh_MHE
104,Surviving Your First Day In BJJ!,45000.0,https://www.youtube.com/watch?v=02doCuxH8ig
203,A Cheaky North South Choke!,45000.0,https://www.youtube.com/watch?v=LVpp35wjljk
518,An AWESOME Technique to Escape the TRIANGLE - EVERYTIME!,44000.0,https://www.youtube.com/watch?v=MKB67hv1k-8
459,The MOST Dangerous FOOTLOCK - Still Legal at Whitebelt!,42000.0,https://www.youtube.com/watch?v=WQPeQx4v1W8
478,How to BEAT the LOCKDOWN - Every Time!,42000.0,https://www.youtube.com/watch?v=Wy26Ovpl-uc
443,How To Get HYPER FLEXIBLE For Jiu Jitsu!,40000.0,https://www.youtube.com/watch?v=MnvkdxHyD3U
404,A Beginners Guide To Joining Jiu Jitsu!,40000.0,https://www.youtube.com/watch?v=Qw-xSr3bLNs
171,The Easiest Side Control Escape!,39000.0,https://www.youtube.com/watch?v=kBkSDpLT2Pg
493,A Tricky KIMURA From SIDE CONTROL!,39000.0,https://www.youtube.com/watch?v=jHI-5v9lLHg
75,How To Start From Your Knees,39000.0,https://www.youtube.com/watch?v=tQ-4ZRJqQMQ
511,HOW to ESCAPE the BOW and ARROW Choke - Every time!,39000.0,https://www.youtube.com/watch?v=9nBFYgiHbW0
498,The AWESOME PENDULUM Sweep!,39000.0,https://www.youtube.com/watch?v=gghKAwjG25Q
330,5 Attacks From Lapel Closed Guard,38000.0,https://www.youtube.com/watch?v=wQK84XNdhk0
298,Kesa Gatame Escape - The Basics,38000.0,https://www.youtube.com/watch?v=2053an0m5tc
424,Two Moves That Will Get You OUT OF MOUNT - Every Time!,37000.0,https://www.youtube.com/watch?v=SfqnOMWM6XY
392,The Truck Attack Series!,36000.0,https://www.youtube.com/watch?v=51O_f1QKuyg
167,Finishing Head And Arm Chokes!,36000.0,https://www.youtube.com/watch?v=0b7z9fPGdv8
54,How To Make That Cross Choke Work!,36000.0,https://www.youtube.com/watch?v=JYRmggZ9YV8
35,"Butterfly Guard, Attack System",36000.0,https://www.youtube.com/watch?v=ndWgjVrvHpg
466,The Leg LASSO CATAPULT Sweep!,36000.0,https://www.youtube.com/watch?v=POK6BCIB38w
29,How To Stop Your Guard Getting Passed - Every-time!,36000.0,https://www.youtube.com/watch?v=mWcJ4M8DUQo
303,BJJ Etiquette,32000.0,https://www.youtube.com/watch?v=NCuEonymk_0
513,The EASIEST FINISH in Jiu Jitsu?,32000.0,https://www.youtube.com/watch?v=M3obHmh_Vj4
503,How to Practice to Massively Improve your CHOKE POWER!,32000.0,https://www.youtube.com/watch?v=4SMxETaewIM
361,A Simple But Awesome Armbar - From Guard!,32000.0,https://www.youtube.com/watch?v=clZeVyUb9mY
77,How to Finish Triangles- on either side!,31000.0,https://www.youtube.com/watch?v=tL9JPtSYdN8
492,Starting from knees: TAKEDOWN/ARMBAR combo!,31000.0,https://www.youtube.com/watch?v=ig3xT7TCYBw
399,My Favourite Triangle Set Ups From Closed Guard!,30000.0,https://www.youtube.com/watch?v=qDfyl_kN47k
81,White Belt Basic   Arm Bar From Closed Guard,30000.0,https://www.youtube.com/watch?v=mMQjtRBE1uA
365,A Simple But Unstoppable Forearm Choke,29000.0,https://www.youtube.com/watch?v=yd85M4iM-6Q
526,Using the LEG LASSO to stop ANYONE passing YOUR guard!,29000.0,https://www.youtube.com/watch?v=ahur0U700cU
28,Survive AND Escape side control EVERY TIME!!!,29000.0,https://www.youtube.com/watch?v=i0k_fFC0WBI
53,A White Belts Guide To Sweeps - From Open Guard,29000.0,https://www.youtube.com/watch?v=OzLAxuD3Vfo
45,The Safest Pass For White Belts,29000.0,https://www.youtube.com/watch?v=qMAUai1WKt0
289,The North South Choke!,28000.0,https://www.youtube.com/watch?v=WV44noRF2wg
162,Hip Escape Hacks!,27000.0,https://www.youtube.com/watch?v=9IhaQP1FVzo
43,4 Ways To Escape Mount - For White Belts,26000.0,https://www.youtube.com/watch?v=61-tePgIJ6Y
228,A Darce And Anaconda Drill!,25000.0,https://www.youtube.com/watch?v=iqUWdcJ_TqU
152,Overhook Attacks From Guard!,25000.0,https://www.youtube.com/watch?v=e0nIHYyWqIk
225,Armbar And Darce   Taken From Knee Ride,25000.0,https://www.youtube.com/watch?v=pnJnvTnyF1o
347,The Awesome Kesa Gatame!,24000.0,https://www.youtube.com/watch?v=ibbMRp_h0a0
102,The Back Attack Series,24000.0,https://www.youtube.com/watch?v=w1ZZQeiyw7U
85,A Simple Tip   To Help White Belts Pass The Guard,24000.0,https://www.youtube.com/watch?v=dajVUd-5Lsc
537,Guard Retention Techniques & Drills That Will Totally TRANSFORM YOUR GAME,24000.0,https://www.youtube.com/watch?v=mJTQT4tc79I
391,The Awesome Hip Bump Sweep!,23000.0,https://www.youtube.com/watch?v=B-kuT_ZinkI
468,A Fantastic PASS - The OVER UNDER Pass!,23000.0,https://www.youtube.com/watch?v=Pu1VlVsJ_6k
170,The Easiest Way To Escape Mount,23000.0,https://www.youtube.com/watch?v=lcIqosv86BY
37,Killer Kimura Attacks - From Z Guard,22000.0,https://www.youtube.com/watch?v=vmGMydNv-2M
519,Passing the SPIDER GUARD - The EASY WAY!,22000.0,https://www.youtube.com/watch?v=6hiTyJwd4WE
84,How To Prevent Side Control,22000.0,https://www.youtube.com/watch?v=YxHRU7eLp_8
178,The Kimura Hip Bump Sweep - Kimura Combo,21000.0,https://www.youtube.com/watch?v=CCos35cv5T8
103,Trouble Shooting Your Guillotine Choke!,21000.0,https://www.youtube.com/watch?v=LfJDoNuuvQs
40,The Best Knee Slice Pass COMBO on YouTube!,21000.0,https://www.youtube.com/watch?v=38p0AXZua6Y
51,White Belt Tips For Keeping Side Control,21000.0,https://www.youtube.com/watch?v=efVwsYGFxJE
340,Kesa Gatame Into Head And Arm Choke!,20000.0,https://www.youtube.com/watch?v=YVq4esK1FLc
158,4 Awesome Attacks From Shin To Shin,20000.0,https://www.youtube.com/watch?v=qyl5VLxpNiM
450,The UNSTOPPABLE Spider Guard SWEEP!,20000.0,https://www.youtube.com/watch?v=NY3j1_uC6R0
497,HOW to Execute the PERFECT BOW & ARROW Choke!,20000.0,https://www.youtube.com/watch?v=SFqJrF4cRKM
413,The Easiest Guard Break in Jiu Jitsu?,20000.0,https://www.youtube.com/watch?v=PX3T6mBZHKM
548,How to finish the armbar - every single time!,19000.0,https://www.youtube.com/watch?v=68oELQy4k6I
533,How do you ROLL with FEMALE Jiu Jitsu Athletes at YOUR Academy,19000.0,https://www.youtube.com/watch?v=AJyeHDD_NHs
212,Open Guard Sweeps!,19000.0,https://www.youtube.com/watch?v=J6_XxP-bfrE
444,HOW To Develop CRAZY GRIP Strength For BJJ!,19000.0,https://www.youtube.com/watch?v=ARIoa1D6Q88
176,Baratoplata Set-ups - Number 1 (of 3),19000.0,https://www.youtube.com/watch?v=nOqhD-TNDk8
50,White Belt Passing Combo,19000.0,https://www.youtube.com/watch?v=Scds9yJX5v0
250,Americana From Closed Guard - Easy!,18000.0,https://www.youtube.com/watch?v=RfdHcRQFQn8
39,Awesome Lapel Closed Guard Sweeps - You Must Know!,18000.0,https://www.youtube.com/watch?v=XYqS-5zcCiU
214,A Sneaky Attack - The Mouse Trap Americana,18000.0,https://www.youtube.com/watch?v=C7u5vY4mG8g
48,The Awesome Clock Choke,18000.0,https://www.youtube.com/watch?v=mNnsmxy8Gzs
362,Nutrition And Supplements In Jiu Jitsu!,18000.0,https://www.youtube.com/watch?v=zt2iNaWIRiw
64,How To Escape Back Control,18000.0,https://www.youtube.com/watch?v=884mtF-1ytA
67,Scissor Sweeps - everything you need to know!,17000.0,https://www.youtube.com/watch?v=jnWYxNem1ao
320,Scissor Sweep-The Basics!,17000.0,https://www.youtube.com/watch?v=ndOuM8R4Zs0
345,Big Secret - My 40 Year Old Students Are The Toughest!,17000.0,https://www.youtube.com/watch?v=e2QUx1wb6_c
434,HOW To Stretch To Be HYPER FLEXIBLE!,17000.0,https://www.youtube.com/watch?v=1CJvKy5iFwY
326,The Fantastic Forearm Choke!,17000.0,https://www.youtube.com/watch?v=RbvwI126BuI
113,De La Riva Sweep (1 of 3),17000.0,https://www.youtube.com/watch?v=TW5vTFC4LNE
306,The Secret To Breaking And Keeping Posture - When In Guard,17000.0,https://www.youtube.com/watch?v=wZKDhP6Xen4
418,SPIN Under to Get the Armbar - EVERYTIME!,17000.0,https://www.youtube.com/watch?v=nBHy4rNTw8c
528,The SNAP ARMBAR - From Side Control!,16000.0,https://www.youtube.com/watch?v=84Q0fE9zfJ0
337,Get Out Of Closed Guard - A HACK!,16000.0,https://www.youtube.com/watch?v=nPAbSx6a98o
359,How To Escape The Knee On Belly!,16000.0,https://www.youtube.com/watch?v=OU3CdJ1RTVo
59,SPIN CHOKE/ Baseball bat choke,16000.0,https://www.youtube.com/watch?v=gZW6qdYe4b0
60,Preventing Side Control,15000.0,https://www.youtube.com/watch?v=7U8dThjTZLU
283,The Grappling Academy Introduction,15000.0,https://www.youtube.com/watch?v=Q1xq_s8nofs
547,Simple tricks that will help you get a tap from the back -Every time!,15000.0,https://www.youtube.com/watch?v=YXL-yVlvgGE
34,"The Super, Awesome - Ninja Roll",15000.0,https://www.youtube.com/watch?v=R50IPDeSv0I
496,HOW to Use SWISS BALLS to Make MASSIVE IMPROVEMENT in BJJ!,15000.0,https://www.youtube.com/watch?v=rnC360DCKEY
210,Omoplata Hacks!,15000.0,https://www.youtube.com/watch?v=r8qPQIKfL1s
474,Two HACKS that will TRANSFORM Your BJJ Progress!,15000.0,https://www.youtube.com/watch?v=jm04Bj7qqDo
31,Don't Be That Person - Who gets The Back - But Can't Finish!,15000.0,https://www.youtube.com/watch?v=thatcCH_9uA
551,Super Fight - Coach Tom & Coach Johny,15000.0,https://www.youtube.com/watch?v=j2nMvoexHsA
151,The Cradle Attack Series - The Anaconda Choke,15000.0,https://www.youtube.com/watch?v=gQy-mmKJSu0
420,The EASIEST Side Control ESCAPE In Jiu Jitsu?,15000.0,https://www.youtube.com/watch?v=m_4nu86TifY
410,A Guillotine Defence Straight Into a Von Flue Choke,14000.0,https://www.youtube.com/watch?v=wZZz8CmxObQ
356,The Hip Bump Triangle!,14000.0,https://www.youtube.com/watch?v=tl_HPzgbkCQ
100,New To BJJ? - Follow This Path!,14000.0,https://www.youtube.com/watch?v=n5NHehRJ1RI
329,Street Self Defence X-chokes in T-shirts!,14000.0,https://www.youtube.com/watch?v=5zidirrttqc
25,Easiest Way To Escape Mount!,14000.0,https://www.youtube.com/watch?v=F13WWpFjPgE
544,Some TOP TIPS to stop being CRUSHED in BJJ!,14000.0,https://www.youtube.com/watch?v=7GDA79XDlr0
402,4 Hacks To MASSIVELY Increase Side Control Pressure!,14000.0,https://www.youtube.com/watch?v=b85hQ9YcaZE
119,Underhooks And Overhooks 101,14000.0,https://www.youtube.com/watch?v=vgund5eQcnc
44,An Awesome Way To Break The Guard - For White Belts,14000.0,https://www.youtube.com/watch?v=6m46YbmuRP8
116,Choke Options When Your Partner Is In Turtle!,14000.0,https://www.youtube.com/watch?v=5fRGRO6jUPE
419,The Easy HACK To Avoid Finger INJURY In Jiu Jitsu!,14000.0,https://www.youtube.com/watch?v=YK5a_ClZ8Z0
398,Get Into The Honey Hole - Finish With A Footlock!,14000.0,https://www.youtube.com/watch?v=XUwGTNO1SLE
148,A Handy Tip - To Get More Kimuras & Americanas,13000.0,https://www.youtube.com/watch?v=VQmfdXbvgjs
42,The Awesome - Von Flue Choke!,13000.0,https://www.youtube.com/watch?v=9ph1p1oSfQQ
65,The Mount 101 - The Essentials,13000.0,https://www.youtube.com/watch?v=u_bMy3mQjro
27,Pass Everyone's Half Guard !,13000.0,https://www.youtube.com/watch?v=0ZtvSQPcocY
213,Develop Your Open Guard - To Stop People Passing Your Guard,13000.0,https://www.youtube.com/watch?v=GmHM_RxMmBw
218,An Awesome Guillotine!,13000.0,https://www.youtube.com/watch?v=X_Dlz0RnvLI
433,Some simple TRICKS to Make YOUR BRIDGE and ROLL Unstoppable!,13000.0,https://www.youtube.com/watch?v=fNLj4sK_LUI
128,Old School Half Guard Sweep!,13000.0,https://www.youtube.com/watch?v=Afwz3TKcV9A
175,Baratoplata - Set-ups Number 2 (of 3),12000.0,https://www.youtube.com/watch?v=KwRGKNqrW3w
270,Are You A Grappler Or Striker - Use This Weird Trick To Find Out!,12000.0,https://www.youtube.com/watch?v=cz2iT17QgOA
539,A very cheeky arm in ezekiel choke - you will surprised how easy it is,12000.0,https://www.youtube.com/watch?v=zwUtoOjG0sI
36,"Tightness, A BlackBelts Insight!",12000.0,https://www.youtube.com/watch?v=WlVfJy-n5kw
295,Front Control To Kimura Or Armbar,12000.0,https://www.youtube.com/watch?v=c1dDXYVHx7Q
129,Lanky Guys Tricks and Tips,12000.0,https://www.youtube.com/watch?v=GLF0SXSPNxk
506,DEFEAT the HALF GUARD with the KIMURA!,12000.0,https://www.youtube.com/watch?v=nE1eZqD6SVs
395,An Awesome - Lapel Closed Guard!,12000.0,https://www.youtube.com/watch?v=PLvK0fyMo3I
182,Get That Guillotine - Use The Chin Strap,12000.0,https://www.youtube.com/watch?v=mhSri-cxfC8
219,Get The Choke From The Back - When They Duck The Chin!,11000.0,https://www.youtube.com/watch?v=y2UIOUo0sg8
482,Is BJJ Enough for SELF DEFENCE or MMA?,11000.0,https://www.youtube.com/watch?v=mKPYom7_-x8
274,How To Stop Flinching,11000.0,https://www.youtube.com/watch?v=veqheAYjPO8
71,How To Control Your Opponent,11000.0,https://www.youtube.com/watch?v=VZ5nqV-m9Ok
150,The Cradle Attack Series - The Darce Choke,11000.0,https://www.youtube.com/watch?v=DkHz2nVTV68
38,Awesome Lapel Closed Guard ATTACKS You Must Know!,11000.0,https://www.youtube.com/watch?v=F4wQ6JNKCrk
343,The Kesa Kimura!,11000.0,https://www.youtube.com/watch?v=sWd8NR7NDVM
92,Three Positions To Get The Arm in Ezekiel,11000.0,https://www.youtube.com/watch?v=bi89SQMRDOw
144,Ezekiel Choke - From Mount!,11000.0,https://www.youtube.com/watch?v=FjUh1O-0LVY
335,Kimura Hacks - When You Are Struggling to Finish The Kimura!,10000.0,https://www.youtube.com/watch?v=fd_iNmkRTMQ
389,Scissor Sweep Hacks!,10000.0,https://www.youtube.com/watch?v=e0MJKq9I3Lk
534,Signs that you are rolling TOO HARD or TOO SOFT?,10000.0,https://www.youtube.com/watch?v=rNSjdEcBh7c
383,What Is The Ideal Weight For Jiu JItsu?,10000.0,https://www.youtube.com/watch?v=GJVZyjH5NjA
216,How To Defend That Cross Choke!,10000.0,https://www.youtube.com/watch?v=HLbiPKJdkbA
49,Easy Submissions From The Back,10000.0,https://www.youtube.com/watch?v=HjT2WlABfyU
117,Surprise Armbar - From Side Control,10000.0,https://www.youtube.com/watch?v=9o6QG69EVQQ
86,How To Attack The Turtle Position,10000.0,https://www.youtube.com/watch?v=a70806ofHUY
114,The Awesome Clock Choke,10000.0,https://www.youtube.com/watch?v=Yh7jsmFc4xg
105,Underhooks and Overhooks   The Basics,10000.0,https://www.youtube.com/watch?v=dLAhTM1zgjw
425,An AWESOME Lapel HACK To Escape Being Pinned by a HEAVY GUY!,10000.0,https://www.youtube.com/watch?v=t9ZZoim4vss
83,Rolling Back Take,10000.0,https://www.youtube.com/watch?v=eH4s3yOb3WU
157,Back Step Half Guard Pass!,10000.0,https://www.youtube.com/watch?v=ZWVg6dzdmP8
112,De La Riva Guard Sweep 2 of 3,10000.0,https://www.youtube.com/watch?v=imno_iO3zIs
159,The Cradle Series!,10000.0,https://www.youtube.com/watch?v=aCkFu2k4hok
68,Front Control Kimura Attack System,10000.0,https://www.youtube.com/watch?v=vjjohJ51XWA
501,The AWESOME AMERICANA from Mount!,10000.0,https://www.youtube.com/watch?v=ekbxnxGruWY
284,Ashi Garami Into A Powerful Footlock,10000.0,https://www.youtube.com/watch?v=59hN1vNz7VM
305,[IMPORTANT] How Hard Should You Roll With Different Belts/Experience?,10000.0,https://www.youtube.com/watch?v=YjIUgAPKq3k
499,HOW to Massively Improve your KIMURA POWER!,9900.0,https://www.youtube.com/watch?v=M8-wLGKgkWE
23,TROUBLE SHOOTING - Scissor Sweep - WORLD CLASS!,9800.0,https://www.youtube.com/watch?v=ZXs0VJJLBjI
530,An AWESOME SUBMISSION - The Kimura from Top Half Guard!,9800.0,https://www.youtube.com/watch?v=0w9skxDhdgs
174,Baratoplata Setups Number 3 (of 3),9700.0,https://www.youtube.com/watch?v=X2VX1wXRZzY
220,Blue Belt Blues,9600.0,https://www.youtube.com/watch?v=XDu2OeDTnsQ
88,Coach Tom Black Belt Grading From Coral Belt Carlos Machado,9600.0,https://www.youtube.com/watch?v=G8KYai39Hws
487,How to do the INVERTED GUARD TRIANGLE - The Easy Way!,9500.0,https://www.youtube.com/watch?v=sNEduRGAHkg
26,Wrist locks - All you need to know to BREAK that wrist!,9500.0,https://www.youtube.com/watch?v=fyvlUWhSMKw
110,How To Pull Guard In A Competition,9500.0,https://www.youtube.com/watch?v=H4e4JH2IJVw
122,The Crucifix Entry And Submission,9300.0,https://www.youtube.com/watch?v=ytov2iyHHh0
401,How to Add Crazy Pressure To Your Mount!,9300.0,https://www.youtube.com/watch?v=r5JzA53twNE
495,How to do the Cross Face - New and Better!,9200.0,https://www.youtube.com/watch?v=YFBjbefPM58
56,Awesome Back Take Finishes,9100.0,https://www.youtube.com/watch?v=K73-5B4rcWA
24,Arm Bar From The Back!,9000.0,https://www.youtube.com/watch?v=ntGjzwAiWMc
30,Some Awesome Footwork Drills - To Pass The Guard,8700.0,https://www.youtube.com/watch?v=wp_R7APOEpA
529,An AWESOME MOVE - Countering the Kimura from half guard with a BACK TAKE!,8600.0,https://www.youtube.com/watch?v=_w7JP9VMyvk
161,Escape That Triangle!,8600.0,https://www.youtube.com/watch?v=CF9P74djqXM
206,The Spin Under Armbar!,8500.0,https://www.youtube.com/watch?v=28r1tkKRe5U
89,Easy Escape From Side Control,8400.0,https://www.youtube.com/watch?v=PgHVUf3W424
516,SUPER Simple Guard Break - The Standing GUARD BREAK!,8300.0,https://www.youtube.com/watch?v=cKJQd8w4ZH4
223,Back Submission  The Arm In Ezekiel,8300.0,https://www.youtube.com/watch?v=cgdlRm9_2kI
486,The AWESOME Low Single TAKEDOWN!,8200.0,https://www.youtube.com/watch?v=vywNM4rdHSs
237,How To Defend Against Toe Holds,8200.0,https://www.youtube.com/watch?v=f4OOg_35Xjk
52,Top 3 Moves For Lanky Athletes!,8100.0,https://www.youtube.com/watch?v=hE1dM0apf8M
69,Butterfly Sweep & Guillotine Choke Combo,8100.0,https://www.youtube.com/watch?v=VHLZZ1avVcY
238,How To Stop People Breaking Open Your Guard,8100.0,https://www.youtube.com/watch?v=riLpR-qDDdk
169,An Awesome Entry Into A Guillotine Choke,8000.0,https://www.youtube.com/watch?v=8V5aa-wBpVo
118,Stopping Stiff Arms,7700.0,https://www.youtube.com/watch?v=Uu1yQ0N0mnI
111,De La Riva Guard Sweep 3 of 3,7600.0,https://www.youtube.com/watch?v=S3IJyVkr5dg
308,The Cheating Scissor Sweep,7600.0,https://www.youtube.com/watch?v=kkylIiGaTkY
467,Jean Machado - Get the KIMURA Or Switch into an Omoplata!,7500.0,https://www.youtube.com/watch?v=HVm1Almjdg0
63,The (Darth) Fader Escape,7400.0,https://www.youtube.com/watch?v=g1jkJLXJyUI
108,A Tricky Half Guard Sweep!,7400.0,https://www.youtube.com/watch?v=RYGO1PS2WTo
494,How to ESCAPE North South & Finish with a TRIANGLE!,7400.0,https://www.youtube.com/watch?v=jjo25PmXZpo
33,"Self Defence, The Basics!",7300.0,https://www.youtube.com/watch?v=6Jnf6kItGDI
32,Thinking About Competing In BJJ?,7300.0,https://www.youtube.com/watch?v=n6WXrw8fUOQ
198,A Super Easy And Effective Kimura From Guard,7200.0,https://www.youtube.com/watch?v=3B3OWCdu7yk
449,The BEST Way to CUT Weight!,7200.0,https://www.youtube.com/watch?v=lOI5YQh7zUs
147,Headlock Control Series!,7200.0,https://www.youtube.com/watch?v=ICNFqs8veFU
224,The 'Murder She Wrote' Triangle Finish,7200.0,https://www.youtube.com/watch?v=wzgvuVR_Vhg
252,Footlock - Do This To Get It Quick!,7100.0,https://www.youtube.com/watch?v=l_3Lst62TQc
461,Mount ESCAPE Straight Into A FOOTLOCK!,7000.0,https://www.youtube.com/watch?v=b_9e5erA4Dw
215,How To Escape Armbars!,6900.0,https://www.youtube.com/watch?v=_JTatDnG1mU
453,Totally LEGAL at Whitebelt - The Belly Down Footlock!,6900.0,https://www.youtube.com/watch?v=DS-BU7ml-QA
191,The Hip Bump Triangle!,6900.0,https://www.youtube.com/watch?v=1d5mCjj_XH4
94,White Belt Mistakes - Don't Be That Guy!,6800.0,https://www.youtube.com/watch?v=rTrqn-ys84o
76,Reverse Ashi Garami   Some Awesome Tips,6800.0,https://www.youtube.com/watch?v=0h--tl5Qbr0
310,Knee Slice Power Pass!,6700.0,https://www.youtube.com/watch?v=nE1KWbxkpec
507,How to SURVIVE a GUILLOTINE CHOKE!,6600.0,https://www.youtube.com/watch?v=GAyM-F8UbZY
339,Waiter Sweep From Deep Half!,6600.0,https://www.youtube.com/watch?v=uaSNBRaDlL8
390,The Knee Slice Pass Counter!,6600.0,https://www.youtube.com/watch?v=hVZRchXbelo
149,Cradle Attack Series - One Arm Anaconda!,6500.0,https://www.youtube.com/watch?v=uShejdY5aII
8,How To Grapple Against A Much Bigger Opponent! Part. 1,6500.0,https://www.youtube.com/watch?v=BKDhWv_wPZg
130,Cross Choke Tips,6400.0,https://www.youtube.com/watch?v=RfZnmfEttrI
61,North South Into A Triangle,6400.0,https://www.youtube.com/watch?v=Euv1dbDRpuQ
99,Coach Tom - Competition Matches - At Worlds Vegas,6400.0,https://www.youtube.com/watch?v=ZOJppNkrC1o
21,TROUBLE SHOOTING - The Cross Choke!,6300.0,https://www.youtube.com/watch?v=g2QaZ4sFG5c
514,An AWESOME Way to GET the DARCE CHOKE - on a Bigger Opponent!,6300.0,https://www.youtube.com/watch?v=KAgggmo8VKU
101,Tricks and Hints To Finish The Ankle Lock,6300.0,https://www.youtube.com/watch?v=DHWFWcgsf0Y
462,A PENDULUM SWEEP To Arm Bar - A Tricky Variation!,6300.0,https://www.youtube.com/watch?v=VOYO359LuvU
230,Hip Bump Sweep!,6200.0,https://www.youtube.com/watch?v=e8X02WObsvg
465,How to footlock when your BACK IS TAKEN!,6200.0,https://www.youtube.com/watch?v=9IGA5U3WL7g
412,Omoplata From Half Guard - Using the Shoulder Sandwich!,6200.0,https://www.youtube.com/watch?v=ERrc3FQDo6w
211,Mount Survival And Escape Guide,6200.0,https://www.youtube.com/watch?v=AANM5boHwSg
177,De La Riva Counter   The Rigan Trap!,6200.0,https://www.youtube.com/watch?v=NuR4m3sIzy8
505,Combat Sweep - Transition to a CHOKE!,6100.0,https://www.youtube.com/watch?v=0sfxzrV1f74
199,Some Awesome Armbar Tips,6100.0,https://www.youtube.com/watch?v=SZ-si7MkbCc
502,A Simple SIDE Control to MOUNT Transition!,6000.0,https://www.youtube.com/watch?v=dcdFfxMTxA8
248,Guillotine Prevention With The Von Flue Choke,6000.0,https://www.youtube.com/watch?v=s-ofdmPDxo4
16,Professor Tom's favorite Solo Drills!,6000.0,https://www.youtube.com/watch?v=sShHD0GXf5U
312,The Standing Guard Break - What You Need To Know!,6000.0,https://www.youtube.com/watch?v=oA9giomzSto
107,The Estima Lock!,6000.0,https://www.youtube.com/watch?v=Bvhe_QSonIs
131,Escape Back Control And Get Side Control,5900.0,https://www.youtube.com/watch?v=PqxERevTEFo
115,Killer Backtake When Your Partner Is In Turtle,5800.0,https://www.youtube.com/watch?v=ESrphQwHuvo
251,An Awesome Kesa Gatame - With Americana Submission,5800.0,https://www.youtube.com/watch?v=66ETvhhBfmU
360,The Kimura!,5700.0,https://www.youtube.com/watch?v=_6p38M-sUBk
179,Stop And Counter The Scissor Sweep,5700.0,https://www.youtube.com/watch?v=mRFVO1DOD5Y
154,3 White Belts Mistakes To Avoid. So You Don't Get Tapped,5600.0,https://www.youtube.com/watch?v=Q-EqspkdQDk
73,Prof Tom Davey - Houston International Open 2019,5600.0,https://www.youtube.com/watch?v=7md9fPcd1mk
62,The 50/ 50 Position,5600.0,https://www.youtube.com/watch?v=ogefeZ72vlk
227,Front Sweep Helicopter Armbar,5500.0,https://www.youtube.com/watch?v=A8YFn2ZpfZE
350,Mount Escapes To Ashi Garami!,5500.0,https://www.youtube.com/watch?v=2r7Ypg1pHtI
455,The Brilliant PILLOW Defence!,5500.0,https://www.youtube.com/watch?v=AAN8VXCtl0Y
79,Transform Those Kimura's,5500.0,https://www.youtube.com/watch?v=sAk1Y06WFPE
195,A Very Cheeky Horrible Submission,5400.0,https://www.youtube.com/watch?v=pq-RCw7bqbc
476,Prof John Machado - TWO WAYS to PASS the Half Guard!,5400.0,https://www.youtube.com/watch?v=aizMaLbPEv4
324,How Do I Cut Weight Before A BJJ Competition!,5400.0,https://www.youtube.com/watch?v=KrYHEKfZJ1o
512,This is a great Submission - The Arm in Ezekial Choke!,5400.0,https://www.youtube.com/watch?v=qpSl__yVmOk
464,The GREAT DOUBLE UNDER Guard Pass!,5300.0,https://www.youtube.com/watch?v=QtGbe479TQU
304,The Best Way For Competition Preparation!,5300.0,https://www.youtube.com/watch?v=xX8uVDFx3Ec
168,How To Finish That Triangle!,5200.0,https://www.youtube.com/watch?v=maIcF94goIg
194,More Headlock Control - A Powerful Submission!,5200.0,https://www.youtube.com/watch?v=wf0BkLF8qIA
307,Super Sneaky Tag Lapel Choke!,5200.0,https://www.youtube.com/watch?v=3V4FFR1ZZBw
369,The Awesome North South Choke!,5100.0,https://www.youtube.com/watch?v=YY6Xt_rVhWQ
546,One simple TRICK - To finish the ankle lock - EVERY TIME!,5100.0,https://www.youtube.com/watch?v=cdzsM0ugZqY
358,Rolling With Someone - Half Your Age and Twice As Strong!,5100.0,https://www.youtube.com/watch?v=8WJ1JTzV2ao
473,Footlock/Heelhook MasterClass Part 1 (of 5),5100.0,https://www.youtube.com/watch?v=2WqEBdBnkK0
221,Armbar Grip Breaks And Attacks   Get That Arm Bar Everytime!,5000.0,https://www.youtube.com/watch?v=lVDJNvKoSVU
187,How To Pass The Butterfly Guard!,5000.0,https://www.youtube.com/watch?v=xt2gy9e_rmA
522,A QUICK ROLL with one of my BLUE BELT students!,4900.0,https://www.youtube.com/watch?v=6KqAr8GGrtM
281,Mount Into Armbar Drill,4900.0,https://www.youtube.com/watch?v=6_HB5xbiGq0
91,Heel Hook Guide - Positions and submissions,4900.0,https://www.youtube.com/watch?v=vjuQFBOgTkk
338,Choosing The Best Gi For The Best Results!,4900.0,https://www.youtube.com/watch?v=YSznL17JCcg
82,Reverse Omoplata   From Turtle,4900.0,https://www.youtube.com/watch?v=uJw6swjGDMo
489,The EASIEST Pass in Jiu Jitsu!,4900.0,https://www.youtube.com/watch?v=_dp6Ok-B8U0
18,"An Interview with Tom Davey, I ask professor Tom about drugs in Jiu Jitsu",4900.0,https://www.youtube.com/watch?v=wpuZiuAMc2c
14,Ezekiel Choke You Can Train At Home!,4800.0,https://www.youtube.com/watch?v=QFOXLq1Wjkw
299,Knee Ride Escape - The Basics!,4800.0,https://www.youtube.com/watch?v=3o7oOVjcWxA
481,The TRUEST Test of YOUR BJJ!,4700.0,https://www.youtube.com/watch?v=yht_A3ZXmLo
376,Drilling vs Rolling in Jiu Jitsu?,4700.0,https://www.youtube.com/watch?v=IblpdzKWk50
321,Passing The Z Guard!,4600.0,https://www.youtube.com/watch?v=EZuFusUdzGI
483,Countering being STACKED From An ARMBAR!,4600.0,https://www.youtube.com/watch?v=eP9jQHOlMqY
382,A Surprise - Guillotine Attack!,4400.0,https://www.youtube.com/watch?v=hmJsekEbXr4
500,Take an S MOUNT and GRAB the ARMBAR!,4400.0,https://www.youtube.com/watch?v=1zJlTV1weZU
342,How To Escape The Reverse Kesa Gatame!,4400.0,https://www.youtube.com/watch?v=ZLckWCp-If0
240,The Perfect Armbar Drill - Transform Your Game,4300.0,https://www.youtube.com/watch?v=63oIeoXOMw4
319,Technical Stand Up Sweep!,4300.0,https://www.youtube.com/watch?v=znTBRyqCvWg
538,Some POWERFUL techniques - to retain your guard!,4300.0,https://www.youtube.com/watch?v=MIcs5hUot00
20,TROUBLE SHOOTING - Butterfly Sweep!,4300.0,https://www.youtube.com/watch?v=GIcjlw6mR08
545,Two AWESOME Submissions - that use FLEXIBILITY!,4300.0,https://www.youtube.com/watch?v=OzLwR2qZ9sM
121,Crucifix Entry And Submission - Part 2,4200.0,https://www.youtube.com/watch?v=EYkdv8QCG3c
414,Feeling Down in BJJ?,4200.0,https://www.youtube.com/watch?v=KXopiykv5B4
523,A VERY SIMPLE but Effective Sweep - The DUMMY Sweep!,4100.0,https://www.youtube.com/watch?v=6DBJidb12ck
96,The Estima Lock!,4100.0,https://www.youtube.com/watch?v=TgBkxZJa96g
95,Ashi Garami Defence,4100.0,https://www.youtube.com/watch?v=wJzcpuzfs2o
87,Attacking The Legs From Standing!,4100.0,https://www.youtube.com/watch?v=QDFiqfZxOu4
249,"Tricky, Fun And Dangerous - Americana!",4000.0,https://www.youtube.com/watch?v=Cv0_Xie_GJM
190,Two Awesome Chokes From The Back!,4000.0,https://www.youtube.com/watch?v=twUJdtY7Qys
521,An AWESOME Butterfly Guard Pass!,4000.0,https://www.youtube.com/watch?v=vAo9x2xLvQU
272,Basic Self Defence - What You Need To Know!,4000.0,https://www.youtube.com/watch?v=4L47VqpNdfI
372,A Straight Ankle Lock Attack To Change Your Game!,4000.0,https://www.youtube.com/watch?v=m2LkhTmOYMc
80,Lasso Guard,4000.0,https://www.youtube.com/watch?v=KRp38VjoSgw
70,Footlock Hacks,4000.0,https://www.youtube.com/watch?v=7n9tr9qI1LM
426,The CANADIAN Ankle LOCK!,4000.0,https://www.youtube.com/watch?v=6J9peIgB-_I
550,Wash Your Gi - You STINK!,4000.0,https://www.youtube.com/watch?v=wGR5T8ipbBI
371,The Berimbolo!,4000.0,https://www.youtube.com/watch?v=M8LE7UPTteQ
457,The AWESOME S Mount ATTACK!,4000.0,https://www.youtube.com/watch?v=ujHmMrUzywM
377,Should We Do More Work At Home To Help Our BJJ?,3900.0,https://www.youtube.com/watch?v=L1VtnI4jqHA
406,A Basic Power Pressure Pass - Done Right!,3800.0,https://www.youtube.com/watch?v=29Hz4Pq4Jt0
370,How To Build Confidence When You Are Scared At Your BJJ Gym!,3800.0,https://www.youtube.com/watch?v=XTMDG7P9y98
375,Cross Choke Domination!,3800.0,https://www.youtube.com/watch?v=sECbcBDvGf0
142,Leg Drag Into A Footlock!,3800.0,https://www.youtube.com/watch?v=UtqhA3mod_8
5,Ever Wondered What A Jiu Jitsu Class Would Be Like? Experience Professor Tom's Monday Night Class!,3800.0,https://www.youtube.com/watch?v=eFybaeWxAF0
379,Cross Choke Into An S-Mount - For The Armbar!,3800.0,https://www.youtube.com/watch?v=w-GBWPJwbtw
280,Striking In BJJ,3700.0,https://www.youtube.com/watch?v=dAbJsllYvt4
233,Spider Guard Into Triangle!,3700.0,https://www.youtube.com/watch?v=1jU40ciIEys
134,How To Escape The Thai Clinch!,3700.0,https://www.youtube.com/watch?v=GM5463PHQ4A
517,An AWESOME Half Guard Counter - With a CROSS CHOKE!,3700.0,https://www.youtube.com/watch?v=9uWpGwCCz84
197,Kesa Gatame Position And Escape Drills,3700.0,https://www.youtube.com/watch?v=1_ovJGwcQxY
271,The Struggling Grappler   Knee Ride,3700.0,https://www.youtube.com/watch?v=9SKUv-tKLX8
554,The Grappling Academy Introduction,3600.0,https://www.youtube.com/watch?v=5EDqF0OA16U
120,The 50/50 Position!,3600.0,https://www.youtube.com/watch?v=IaiyX5RbdRw
9,Sneaky Arm In Ezekiel Choke!,3600.0,https://www.youtube.com/watch?v=bKyVCTD25ww
204,Use The Cocoon To Protect Your Guard!,3600.0,https://www.youtube.com/watch?v=uytJnNZLLHI
185,Quarter Guard Backstep - Into A Pass Or The Texas Cloverleaf,3600.0,https://www.youtube.com/watch?v=Evumif0-knQ
160,Counter The Over Under Pass!,3600.0,https://www.youtube.com/watch?v=Pr6qUEnd6tw
451,The AWESOME LEG Lasso LEG BAR Entrance!,3500.0,https://www.youtube.com/watch?v=2Eiw1L4SZ6Y
373,Hydration and Nutrition In BJJ!,3500.0,https://www.youtube.com/watch?v=b22auO37xBs
262,The Knee Ride Calf Slicer,3500.0,https://www.youtube.com/watch?v=jWcNwdhavw4
411,Dealing with Injury in Jiu Jitsu?,3500.0,https://www.youtube.com/watch?v=VAE18x4S-bU
109,Reverse Omoplata!,3500.0,https://www.youtube.com/watch?v=l29w5REIV6Q
124,Front Sweeps 101,3500.0,https://www.youtube.com/watch?v=LO-X9UV0Bag
229,Four Rolling Back Attack Submissions,3400.0,https://www.youtube.com/watch?v=Xb4S_2XQyyk
243,Knee Ride Drill  - How To Get Killer Balance,3400.0,https://www.youtube.com/watch?v=odtXNmdD8J4
217,Stop People Passing Your Guard - Use The Stiff Arm!,3400.0,https://www.youtube.com/watch?v=xnR8WkouGrI
232,Reverse Triangle From Spider Guard!,3400.0,https://www.youtube.com/watch?v=JaBXTKh_yrc
235,2 Hacks To Keep Back Control,3400.0,https://www.youtube.com/watch?v=NdOA8wrM9BA
477,The AWESOME Roger Machado Americana - BY ROGER MACHADO!,3400.0,https://www.youtube.com/watch?v=eKzVZa0AcOg
480,HALF GUARD Technique FROM an AWESOME RCJ Blackbelt!,3400.0,https://www.youtube.com/watch?v=1vRSvgNSQkc
6,How To Grapple Against A Bigger Opponent Part 3!,3400.0,https://www.youtube.com/watch?v=O6QuaiMpnAE
417,OMG! - MY Jiu Jitsu is Going Backwards!,3300.0,https://www.youtube.com/watch?v=DlCeRfA5J1c
490,What You NEED to Know to WIN a STREET FIGHT - the Basics!,3300.0,https://www.youtube.com/watch?v=jZbJodshPEs
138,The Geisha Takedown - A Little Trick With A Huge Impact!,3300.0,https://www.youtube.com/watch?v=IJkoSimQP4A
290,The Rigan Machado Wrist Lock!,3300.0,https://www.youtube.com/watch?v=NNqKliAYbng
93,Tilt Sweep Or The Triangle - From Spider Guard,3300.0,https://www.youtube.com/watch?v=7nthScHZgh4
429,The AWESOME - Cutting Armbar!,3200.0,https://www.youtube.com/watch?v=DdP42VOdzrk
286,5 Ways To Overcome The Fear Of Jiu Jitsu,3200.0,https://www.youtube.com/watch?v=cvSvpTWunZg
442,HOW MUCH Do You Need TO KNOW to be a BJJ Coach or Black Belt?,3200.0,https://www.youtube.com/watch?v=IaEPmxRB70M
393,The Kimura Trap - Head Scissor Attack!,3200.0,https://www.youtube.com/watch?v=Pb3ADLE_nJY
163,The Basic Circuit Drill!,3200.0,https://www.youtube.com/watch?v=WRsxXIRXOSI
47,Principles - Kimura Attack System Course,3200.0,https://www.youtube.com/watch?v=YB9fn-NorZo
165,Sweep Your Training Partner From Combat Base!,3200.0,https://www.youtube.com/watch?v=Q3KlTzG21tM
275,Armbar To Hitchhiker Escape,3100.0,https://www.youtube.com/watch?v=98ie7NcB148
525,Pulling GUARD - Straight into an ARM BAR!,3100.0,https://www.youtube.com/watch?v=cQkxa9tNJqA
384,Thoughts From The Struggling Grappler!,3100.0,https://www.youtube.com/watch?v=yp_xsdnpDyk
125,The Awesome Side Mount!,3100.0,https://www.youtube.com/watch?v=4wbEWastWjc
397,Countering the Kimura - With A Back Take!,3000.0,https://www.youtube.com/watch?v=7xqQN8zsVd0
15,Professor Tom vs Coach Rhys !,3000.0,https://www.youtube.com/watch?v=HoBiT9h5aJk
435,Are YOU Taking BJJ TOO Seriously?,3000.0,https://www.youtube.com/watch?v=2gXxbS9VQis
10,World Class Guard Passing Drill!,3000.0,https://www.youtube.com/watch?v=EjZxfX__-tg
146,How To Escape The Mount,3000.0,https://www.youtube.com/watch?v=w_SY9fZZm1k
409,The Enormously Powerful - Belly Down Footlock!,3000.0,https://www.youtube.com/watch?v=P-oSzp_HGgg
184,Butterfly Sweep Into A 411,3000.0,https://www.youtube.com/watch?v=a9HTFjJnFB4
293,Get The Side Mount Escape - Everytime - Using The Sneaky Eye!,3000.0,https://www.youtube.com/watch?v=XwiCPkfu0BY
351,BJJ And Mental Health!,3000.0,https://www.youtube.com/watch?v=Wa_3cSgCRA4
374,How and When To Execute The Perfect Bow And Arrow Choke!,2900.0,https://www.youtube.com/watch?v=-o97MOtBtgI
535,Old School vs New School Jiu Jitsu - Which is the BEST?,2900.0,https://www.youtube.com/watch?v=1ejiETKpeDM
143,Counter That Kimura!,2900.0,https://www.youtube.com/watch?v=nRH0ooVUSD0
479,Countering the SINGLE LEG Takedown Into the KIMURA Trap!,2900.0,https://www.youtube.com/watch?v=fkNqgWipmNw
294,Dealing With Inversion!,2900.0,https://www.youtube.com/watch?v=XwA16b54574
244,Baby Spider - And An Awesome Armbar,2900.0,https://www.youtube.com/watch?v=SwlH9Ze3GKM
349,Mount Escape Using The Awesome Deep Half!,2900.0,https://www.youtube.com/watch?v=vNMeJCgpSwU
448,An EASY HACK to Finish CROSS CHOKES Even With CRAP Grips!,2800.0,https://www.youtube.com/watch?v=J55GU3iK1sY
400,How To Counter The Half Guard - And Get The Kimura!,2800.0,https://www.youtube.com/watch?v=H6u6eNClovI
186,From Deep Half Guard - Use The Waiter Sweep!,2800.0,https://www.youtube.com/watch?v=sL5ZLdiaG3g
183,An Awesome Rear Naked Choke - Hack!,2800.0,https://www.youtube.com/watch?v=6uFeVBHHMlk
488,How to SURVIVE the CROSS CHOKE!,2800.0,https://www.youtube.com/watch?v=fO3bvSzhL8w
7,How To Grapple Against A Bigger Opponent Part 2! With Captions This Time!!,2800.0,https://www.youtube.com/watch?v=6L9TlZiiX54
297,Leg Lasso-Catapult Sweep!,2700.0,https://www.youtube.com/watch?v=58yevsuiQnM
352,The Jar Lock Kimura!,2700.0,https://www.youtube.com/watch?v=g3G4cejUBoY
145,Building A Strategy For BJJ,2700.0,https://www.youtube.com/watch?v=QuHH3-dlIOQ
430,HOW To Escape HEADLOCK Control - EASY!,2700.0,https://www.youtube.com/watch?v=Uddp2Go2dlo
315,The Basic Butterfly Sweep - Two Options!,2700.0,https://www.youtube.com/watch?v=bsBudoQvt3I
447,Dealing with bad EGO's in BJJ!,2700.0,https://www.youtube.com/watch?v=_HOlBXDVn7o
4,On The Mats - Experience Professor Tom's Techniques As A Student!,2700.0,https://www.youtube.com/watch?v=QyySXiT0HU4
325,Collar Drag Then Take The Back!,2600.0,https://www.youtube.com/watch?v=Awp9Ds8aqqs
403,An EASY Hack to Make Your Cross Choke 10x Tighter!,2600.0,https://www.youtube.com/watch?v=roiNFPdueoU
331,Dealing With Fear In BJJ,2600.0,https://www.youtube.com/watch?v=fEwfuP0oM94
475,An AWESOME Pendulum Sweep - Straight into a Reverse Triangle!,2600.0,https://www.youtube.com/watch?v=RqJq5JbqK1Y
520,An AWESOME Guard Pass - The KICK BACK guard pass!,2600.0,https://www.youtube.com/watch?v=LgoBOxPP9ng
394,The 50 / 50 Armbar!,2600.0,https://www.youtube.com/watch?v=2udf3Ii9bss
90,"Heel hook prevention, defence & escape!",2600.0,https://www.youtube.com/watch?v=2fF9e_CAm-s
385,The Brilliant Toreando Pass - With Guard Recovery!,2600.0,https://www.youtube.com/watch?v=S9hqprWkbIE
254,How To Defend Against A Headlock In A Street Fight,2600.0,https://www.youtube.com/watch?v=BX-iat8VSz0
472,Footlock/Heelhook MasterClass Part 2 (of 5),2500.0,https://www.youtube.com/watch?v=EfYHFxenRWw
463,The DOUBLE Collar CHOKE From The BACK!,2500.0,https://www.youtube.com/watch?v=5hO1kSRzKU0
19,TROUBLE SHOOTING - The Foot Lock!,2500.0,https://www.youtube.com/watch?v=Hi19TNEHu-U
267,This Brilliant And Rare Interview With Carlos Machado!,2500.0,https://www.youtube.com/watch?v=Q9DIH1GBHxU
510,A Fantastic Transition from Kimura to Arm Bar!,2500.0,https://www.youtube.com/watch?v=NktyCq7CzTo
436,WHY You MUST COMPETE In BJJ - At Least ONCE!,2500.0,https://www.youtube.com/watch?v=2lLUTIF13Tw
11,Professor Tom v Coach Rhys #3,2500.0,https://www.youtube.com/watch?v=DHnbl9pq590
366,Performance Enhancing Drugs And Jiu Jitsu!,2500.0,https://www.youtube.com/watch?v=IyFmyHOBlUE
508,Simple HACKS to SURVIVE the Rear Naked CHOKE!,2400.0,https://www.youtube.com/watch?v=2aVsfRRymKI
255,Basic Pass With An Awesome Tricky Counter!,2400.0,https://www.youtube.com/watch?v=DA3IWZMGsWE
317,Butterfly Guard Into Cutting Armlock!,2400.0,https://www.youtube.com/watch?v=5Lpngi51Ukc
123,Stiff Arm Guard Defence,2400.0,https://www.youtube.com/watch?v=pOc0O3TMpZs
422,Rolling Session - With Commentary! (Part 2),2400.0,https://www.youtube.com/watch?v=Wok-RK0ej2w
98,My Worlds Comp Matches Breakdown,2400.0,https://www.youtube.com/watch?v=m4mWsiSAYTc
1,Elbow Escape To Butterfly Sweep!,2400.0,https://www.youtube.com/watch?v=3emHIsZTbu4
407,An Awesome De La Riva Guard Counter!,2400.0,https://www.youtube.com/watch?v=Xlts2erzQhE
431,A Simple SECRET To The Basic FOOTLOCK!,2400.0,https://www.youtube.com/watch?v=spSJQ-xgKmY
133,An Awesome Trick To Protect Yourself When You Are In Someones Guard!,2400.0,https://www.youtube.com/watch?v=RD3BB3hw8aY
332,How To Deal With Losing,2300.0,https://www.youtube.com/watch?v=Cloa7WE94Ck
66,14 Days Course - Sample Video,2300.0,https://www.youtube.com/watch?v=M-a3F5--B0s
387,The Pendulum Escape!,2300.0,https://www.youtube.com/watch?v=m2i4lUVLp5g
72,Tom Davey nogi matches JJWL nogi advanced finals 2019 Dallas,2300.0,https://www.youtube.com/watch?v=DeVjaqzdxB8
456,A SNEAKY CHOKE When You Can't Get The OMOPLATA!,2200.0,https://www.youtube.com/watch?v=FdL4ASf02ag
260,Butterfly Guard Into A Guillotine,2200.0,https://www.youtube.com/watch?v=GSYsoi00HYw
172,Maintaining Back Control With The Kimura Grip,2200.0,https://www.youtube.com/watch?v=W2miqzII2RQ
344,Knee Ride For The Armbar,2200.0,https://www.youtube.com/watch?v=VKM713ONqtA
266,A Little Trick Using The TAG!,2200.0,https://www.youtube.com/watch?v=sjLrqY12SI0
166,Armbar Hack To Take The Back!,2100.0,https://www.youtube.com/watch?v=HPnLb2vnCJI
445,HOW to STOP the Hitchhiker Escape - Every time!,2100.0,https://www.youtube.com/watch?v=fOPzkyoTHHc
452,The Hitchhiker ESCAPE From An AMRBAR!,2100.0,https://www.youtube.com/watch?v=fMK5Gj-TFe8
269,Change Your Game - Be Aware Of Grip Fighting,2000.0,https://www.youtube.com/watch?v=Vfp7AIMBrLA
12,World Class Infinity Flow Drill !,2000.0,https://www.youtube.com/watch?v=K2NYFpdi8FE
13,Professor Tom vs Coach Rhys Rd.2!,2000.0,https://www.youtube.com/watch?v=HXN_Q5dO0C4
141,Old School Footlock!,2000.0,https://www.youtube.com/watch?v=Gi_URNgAScw
140,Strike Defence 101,2000.0,https://www.youtube.com/watch?v=p1KxX-tFDiA
288,Getting Someone Off Mount - Using Snag And Drag!,2000.0,https://www.youtube.com/watch?v=zN1U0Ypk0s8
313,How To Prepare For A Competition!,2000.0,https://www.youtube.com/watch?v=D1OACnU9u30
552,The BEST way to become a BJJ World Champ,2000.0,https://www.youtube.com/watch?v=VUIWLpItKj4
471,Footlock/Heelhook MasterClass Part 3 (of 5),2000.0,https://www.youtube.com/watch?v=GnLOa5kSQIM
484,A STANDING Throw with an ARMBAR FINISH!,1900.0,https://www.youtube.com/watch?v=-WDKrjlh2g8
277,Defending Against A Street Fight Punch,1900.0,https://www.youtube.com/watch?v=Vn2J7G7tQOc
441,Part 1 of 5: The AWESOME OverHook X-GUARD!,1900.0,https://www.youtube.com/watch?v=nGwvRVSrjUY
192,Cross Chokes And Armbars!,1900.0,https://www.youtube.com/watch?v=4URPRn-d9wU
282,Doing A PHD In BJJ,1900.0,https://www.youtube.com/watch?v=H0B-Ddoatss
236,Heelhook Survival Guide!,1900.0,https://www.youtube.com/watch?v=UNhqNwCmVLA
504,An EASY Counter to the BACK SWEEP!,1800.0,https://www.youtube.com/watch?v=USK2gMmNTzc
245,Baby Spider - Omoplata or Kimura? You Decide,1800.0,https://www.youtube.com/watch?v=v9-ZyfTzn_Q
58,The Grappling Academy,1800.0,https://www.youtube.com/watch?v=pbejBPUE22o
246,Have You Used The Baby Spider? You Should,1800.0,https://www.youtube.com/watch?v=niNtJ0HZyKs
333,BMI And BJJ - What You Need To Know!,1700.0,https://www.youtube.com/watch?v=KPNWTXuM1MI
381,Butterfly Sweep Using A Boss Grip!,1700.0,https://www.youtube.com/watch?v=7ObFRX2FAnQ
239,How To Defend Kneebars!,1700.0,https://www.youtube.com/watch?v=QVvhzt69-64
318,Rolling Lapel Half Nelson!,1700.0,https://www.youtube.com/watch?v=0gLH5rm81G8
208,Should White Belts Do Footlocks?,1700.0,https://www.youtube.com/watch?v=QlnzH0EOTB4
287,Guard Retention - Stiff Arm Collar Punch!,1700.0,https://www.youtube.com/watch?v=hclaFmG2LpU
341,Awesome Stretches To Help Your Guard!,1600.0,https://www.youtube.com/watch?v=qgnYncVYZ4Q
405,Turning A Back Sweep Into A Pass!,1600.0,https://www.youtube.com/watch?v=uF5FZMWy1q8
302,Developing Resistance & Resilience In BJJ!,1600.0,https://www.youtube.com/watch?v=oSn87SxFifE
258,Bridge And Roll - Counter!,1600.0,https://www.youtube.com/watch?v=pKMSt0Ml9Uo
181,Back Control - From Knee Ride,1600.0,https://www.youtube.com/watch?v=1lmY4dujNW0
209,The Karate Kid Choke,1600.0,https://www.youtube.com/watch?v=YMASEM7GQdE
408,Take Pride In The Suffering!,1600.0,https://www.youtube.com/watch?v=XLfLlJax_G0
257,An Awesome Reverse Hook Sweep,1500.0,https://www.youtube.com/watch?v=w5vsTcTjQ2w
234,An Awesome Spider Guard Tilt Sweep!,1500.0,https://www.youtube.com/watch?v=3jZg7LuN_a8
328,A Quick Roll-With The Struggling Grappler,1500.0,https://www.youtube.com/watch?v=r311uy55Wdg
259,Bridge And Roll - TIPS,1500.0,https://www.youtube.com/watch?v=EzICrwDwQzM
261,The Butterfly Back Sweep!,1500.0,https://www.youtube.com/watch?v=nrdw1CvwPp8
336,Introducing Children To Jiu Jitsu!,1500.0,https://www.youtube.com/watch?v=YnYoDvTKqgs
201,Killer Guard Passing and Retention Drill!,1500.0,https://www.youtube.com/watch?v=5sCXrdBap-4
263,The Secret To Busting Through A BJJ Plateau!,1500.0,https://www.youtube.com/watch?v=u9IHnXdGfhs
2,"On The Mats 3 - Scissor Sweep, Cross Choke, Loop Choke, Ashi Counter!",1500.0,https://www.youtube.com/watch?v=7qBB6JutJg4
3,On The Mats 2 - Experience Professor Tom's Techniques As A Student!,1500.0,https://www.youtube.com/watch?v=QkM0N_Vb6_o
470,Footlock/Heelhook MasterClass Part 4 (of 5),1500.0,https://www.youtube.com/watch?v=b4HqPFzpsC4
156,BJJ Benchpress!,1500.0,https://www.youtube.com/watch?v=f9uMOmB8vcY
153,Finish That Ankle Lock!,1500.0,https://www.youtube.com/watch?v=gNCN-iqGxZI
353,Rear Naked Choke!,1500.0,https://www.youtube.com/watch?v=E_9CwiCQ_BA
509,How to make MASSIVE Improvements in the POWER of your ankle lock!,1400.0,https://www.youtube.com/watch?v=03OytIQYxOQ
226,BackSweep Into An Armbar!,1400.0,https://www.youtube.com/watch?v=koGybNzXu9o
247,How To Escape The Straight Footlock,1400.0,https://www.youtube.com/watch?v=Dp9X8-P3ei8
292,Passing The Dela Riva Guard!,1300.0,https://www.youtube.com/watch?v=W5xl0VWTrU0
22,Professor Tom Davey USA Seminars 2020,1300.0,https://www.youtube.com/watch?v=pmc8eXE8vKA
97,Another Comp Breakdown!,1300.0,https://www.youtube.com/watch?v=W0a3KqZ9lhw
265,A Little Trick Using the Tag   Part 2,1300.0,https://www.youtube.com/watch?v=BRtCjDvnD-M
432,A State of MIND - to Finish From the Back - Every time!,1300.0,https://www.youtube.com/watch?v=0X5eiq1dSbA
427,The Cutting ARMBAR To Sweep!,1300.0,https://www.youtube.com/watch?v=miXReMNFVBY
164,The Benefits Of Immersive Training!,1300.0,https://www.youtube.com/watch?v=2WDkhAhFdpQ
368,Collar Drag - Then Take The Back!,1300.0,https://www.youtube.com/watch?v=S9HGy0QKi6k
193,A Surprise - Guillotine Attack!,1300.0,https://www.youtube.com/watch?v=WCVo3DFlkVI
428,EXTREMELY Effective - Cutting Armbar into a Kimura!,1300.0,https://www.youtube.com/watch?v=5i7B0UC7WMc
136,Turn A Back Sweep Into A Guard Pass!,1200.0,https://www.youtube.com/watch?v=X3a0ywxyXTE
139,[WARNING] Just Some Fun [Knife Defence],1200.0,https://www.youtube.com/watch?v=Q-t_QXOPM-4
446,Two Hacks to GET THE SWEEP When You Are CLOSE But Not Quite There!,1200.0,https://www.youtube.com/watch?v=JLXZTeLFVLs
364,Take The Time To Appreciate What You Have Accomplished!,1200.0,https://www.youtube.com/watch?v=F-HYE1Rnj2k
440,Part 2 of 5: The Incredibly EFFECTIVE Overhook X Guard SWEEP!,1200.0,https://www.youtube.com/watch?v=WDKzaGN2cTo
278,Bridge And Roll Into Half Guard,1200.0,https://www.youtube.com/watch?v=9TuSug4tJts
279,How To Deal With The Lows In Jiu Jitsu,1200.0,https://www.youtube.com/watch?v=KSgUedkkkMU
314,Butterfly To Stand Up Sweep!,1200.0,https://www.youtube.com/watch?v=FX61D8XoC8I
155,Asking The Right Questions In BJJ,1100.0,https://www.youtube.com/watch?v=JVZdExiQ578
524,How to stop people from ROLLING OUT of your ARMBAR!,1100.0,https://www.youtube.com/watch?v=BAHNAUe6Kqc
180,Butterfly Sweep Cross Choke Combination,1100.0,https://www.youtube.com/watch?v=bnOAqny96Y0
301,Class With Coach Tom,1100.0,https://www.youtube.com/watch?v=46qCMphjL9I
439,Part 3 of 5 - An Alternative X Guard Sweep - Into a Footlock!,1100.0,https://www.youtube.com/watch?v=hn5fjFP9gWE
469,Footlock/Heelhook MasterClass Part 5 (of 5),1100.0,https://www.youtube.com/watch?v=4Mr4kpsDkqM
256,A Little Tricky Move - To Get The Leg Bar,1100.0,https://www.youtube.com/watch?v=lfRs-DLtTQo
291,Imitation And Innovation - To Massively Improve Your BJJ,1100.0,https://www.youtube.com/watch?v=8aM9UtGGQ10
173,How To Reset Back Control,1100.0,https://www.youtube.com/watch?v=nMTjNen9Q6s
137,Being Positive In BJJ,1000.0,https://www.youtube.com/watch?v=7hQ_pSUokBM
207,The Struggling Grappler - Interview Chat With A New Student,1000.0,https://www.youtube.com/watch?v=8eEGcFrnNaI
416,How To Get Both Hooks In From Back Control - Everytime,1000.0,https://www.youtube.com/watch?v=iYmykKUIr4M
200,A Killer Footlock Drill!,1000.0,https://www.youtube.com/watch?v=fIZT1woSClE
296,My BJJ Heroes And Inspirations,1000.0,https://www.youtube.com/watch?v=W90ZkWIiSNc
264,A Little Trick Using The Tag - Part 3,1000.0,https://www.youtube.com/watch?v=8AcOdcnkSbA
17,Professor Tom Has A Chat With Fellow Black Belt Wayne Knudsen!,1000.0,https://www.youtube.com/watch?v=RUhC8kLCKLg
380,Break Those Grips - When Going For An Amrbar!,980.0,https://www.youtube.com/watch?v=mVqVhwP3xSA
327,How To Prepare Mentally Before Training!,978.0,https://www.youtube.com/watch?v=EqRrd4dQtVs
78,"2019 USA seminars Dallas, Louisiana, Palm Beach",958.0,https://www.youtube.com/watch?v=lzSYkyXOQj4
253,The Struggling Grappler - Interview With A Brand New Student,939.0,https://www.youtube.com/watch?v=GgPtGMgzymQ
268,This Hack - Helps Prevent The De La Riva Guard!,937.0,https://www.youtube.com/watch?v=HkGSY4pe-kQ
438,Part 4 of 5  - An AWESOME X Guard SIDE KICK Sweep!,862.0,https://www.youtube.com/watch?v=UtKAJzloTEQ
273,Interview With David Meyer-BJJ World Champ,857.0,https://www.youtube.com/watch?v=CLwi675ReJk
0,No Gi Leg Lock MasterClass is now LIVE!,848.0,https://www.youtube.com/watch?v=9LnWvaQPxaM
132,[Warning] Another Fun - Dealing With Guns,847.0,https://www.youtube.com/watch?v=GYU8bDRgHSY
515,The KNEE Through Pass - Followed by an Underhook Pressure Pass,839.0,https://www.youtube.com/watch?v=Ql0H1_X6_Qw
241,Get To Know A Student Of Coach Tom!,825.0,https://www.youtube.com/watch?v=ZYKGcXZ3c9w
322,Back Control Into Mount!,820.0,https://www.youtube.com/watch?v=Y93H9ALxOoM
485,From Back Control right into an ARMBAR!,816.0,https://www.youtube.com/watch?v=6ixEuJMKnZA
323,Welcoming New People Into Your Jiu Jitsu Club!,814.0,https://www.youtube.com/watch?v=FeTTQ2rCGsU
346,Get Into The 50/50 - Then Into A Footlock!,797.0,https://www.youtube.com/watch?v=DfQiYDd0Wvo
276,A Cheeky Mount Drill!,785.0,https://www.youtube.com/watch?v=M2W8I9rcL10
458,Another Roll - With A Blue Belt Student!,785.0,https://www.youtube.com/watch?v=B2XibB7-5zw
334,A Message To Peter Mac - The Struggling Grappler!,745.0,https://www.youtube.com/watch?v=hIdJieouMW8
460,A Quick Roll With One of my Students!,715.0,https://www.youtube.com/watch?v=3naZlwZ1xwE
386,The Awesome Triangle From An Inversion!,710.0,https://www.youtube.com/watch?v=M2_yOMp4y24
355,The Power Of Self Belief!,693.0,https://www.youtube.com/watch?v=pdBsQF5GQ3I
135,Being A Role Model In BJJ,675.0,https://www.youtube.com/watch?v=RZM_1r_QKoY
367,Get the 50/ 50 Position Take The Sweep Into A Footlock!,649.0,https://www.youtube.com/watch?v=mZQIwfcr-vU
348,Competing Is Good For Everyone!,646.0,https://www.youtube.com/watch?v=oeDoGdXzf94
437,Part 5 of 5 - Transition from X Guard INTO a Single LEG X,642.0,https://www.youtube.com/watch?v=rdBvbbl4GEg
454,Enhancing YOUR Jiu Jitsu GROWTH and Evolution!,610.0,https://www.youtube.com/watch?v=_mUmKWZRIZ4
316,Returning To Training After Vacation!,540.0,https://www.youtube.com/watch?v=WnKHN1UB24s
553,Eddie Bravo Invitational - Huge Predictions,140.0,https://www.youtube.com/watch?v=NZncbFPrM9U
532,A quick answer to a Subscriber's question!,139.0,https://www.youtube.com/watch?v=4dezaLc7iBg
536,As the NEW YEAR Comes to a Close - Let's talk about setting goals in BJJ,114.0,https://www.youtube.com/watch?v=yH7aaLcGDwg
